{
    "prediction_pose": [
        -0.10659711062908173,
        -0.3904060125350952,
        0.5111591815948486,
        0.3010134696960449,
        0.19287145137786865,
        0.6753643751144409,
        -0.22561080753803253,
        0.22779464721679688,
        -0.11302167922258377,
        -0.24080611765384674,
        -0.0827588140964508,
        0.6797329187393188,
        -0.03184645622968674,
        -0.1594822257757187,
        0.2893446385860443,
        0.06832542270421982,
        0.07568845897912979,
        -0.009348466992378235,
        -0.013284377753734589,
        0.38161346316337585,
        -0.04312670975923538,
        -0.5290045142173767,
        -0.1817849576473236,
        -0.03025677055120468,
        0.5550528168678284,
        0.06712145358324051,
        0.2620343863964081,
        -0.023516453802585602,
        0.23571358621120453,
        0.34676897525787354,
        -0.22755631804466248,
        -0.16801267862319946,
        0.31070077419281006,
        -0.06727061420679092,
        0.26289311051368713,
        0.11573264747858047,
        0.16414378583431244,
        -0.16308128833770752,
        -0.17250412702560425,
        -0.033380791544914246,
        0.338752418756485,
        -0.5159777998924255,
        0.175065815448761,
        -0.04941000044345856,
        0.5530649423599243
    ],
    "target_pose": [
        -0.21972127258777618,
        -0.3045966923236847,
        0.4108518064022064,
        0.24304626882076263,
        0.1691516935825348,
        0.6174534559249878,
        -0.17663167417049408,
        0.34701836109161377,
        0.3110290765762329,
        -0.13497231900691986,
        -0.08879545331001282,
        0.3521963953971863,
        -0.2098451554775238,
        -0.0003563848149497062,
        0.15051299333572388,
        0.012419374659657478,
        0.1454925388097763,
        0.17259961366653442,
        0.3404131233692169,
        0.07686721533536911,
        -0.13682934641838074,
        -0.6397901177406311,
        -0.09994519501924515,
        -0.36626505851745605,
        0.8443415760993958,
        0.24428118765354156,
        0.07775955647230148,
        0.17569588124752045,
        0.3341383635997772,
        -0.11233782768249512,
        -0.19851632416248322,
        -0.21263304352760315,
        0.12203547358512878,
        -0.05931573361158371,
        0.3385953903198242,
        0.015744080767035484,
        0.2583438456058502,
        0.04769081994891167,
        -0.21903102099895477,
        -0.15272332727909088,
        0.32538700103759766,
        -0.3671203553676605,
        0.4470980763435364,
        -0.25459420680999756,
        0.8501054644584656
    ],
    "prediction_shape": [
        -2.298445463180542,
        -1.0931276082992554,
        -1.3820024728775024,
        -0.6792735457420349,
        -1.2311055660247803,
        -0.0635424554347992,
        0.7364022731781006,
        -2.0448191165924072,
        0.20199616253376007,
        -1.1461759805679321
    ],
    "target_shape": [
        -1.6963249444961548,
        -1.081804633140564,
        -0.9347615242004395,
        -0.6315751671791077,
        -0.8148806095123291,
        -0.057037435472011566,
        0.5756997466087341,
        -1.8208444118499756,
        0.39700251817703247,
        -1.0615391731262207
    ],
    "epoch": 0,
    "batch": 16,
    "loss": 0.0795268926769495,
    "dataset": "test"
}